symbol,paired_minutes,fill_rate,consecutive_share,median_gap_min,max_gap_min,adf_statistic,spread_stationary,spread_half_life_min,w_cex,speed_cex,speed_dex,hasbrouck_low,hasbrouck_high,innovation_correlation,lead_share,speed_cex_low,speed_cex_high,speed_dex_low,speed_dex_high,speeds_separated,agree,verdict
TSLAX,530,0.5332,0.69,1,15,-5.22,True,2.4,0.915,-0.022,0.24,0.673,0.979,0.449,0.998,-0.071,0.016,0.147,0.333,True,True,ranked
NVDAX,506,0.5121,0.6733,1,16,-5.98,True,2.0,0.77,-0.068,0.227,0.504,0.905,0.451,0.97,-0.127,-0.009,0.14,0.318,True,True,ranked
CRCLX,310,0.3106,0.5825,1,51,-5.87,True,1.0,0.718,-0.132,0.336,0.28,0.917,0.66,0.855,-0.264,-0.035,0.129,0.484,True,True,ranked
MSTRX,276,0.2779,0.4945,2,40,-4.79,True,1.3,0.908,-0.047,0.458,0.489,0.99,0.641,0.995,-0.179,0.106,0.311,0.721,True,True,ranked
SPYX,184,0.184,0.5792,1,85,-3.7,True,2.0,1.046,0.018,0.41,0.993,1.0,0.078,1.0,-0.037,0.095,0.271,0.61,True,True,ranked
HOODX,100,0.1019,0.4444,2,183,,,,,,,,,,,,,,,,,too few paired minutes
COINX,75,0.1218,0.5541,1,131,,,,,,,,,,,,,,,,,too few paired minutes
TQQQX,47,0.0474,0.4348,2,382,,,,,,,,,,,,,,,,,too few paired minutes
AVGOX,43,0.0449,0.119,5,358,,,,,,,,,,,,,,,,,too few paired minutes
