n,keep,seed,w_cex,rows,fitted
4000,0.5,0,0.13689082991906076,1997,True
4000,0.5,1,0.10425525625819006,1950,True
4000,0.5,2,0.23769292228483338,1991,True
4000,0.5,3,0.09342757799535269,2002,True
4000,0.5,4,-0.19587781996248246,2017,True
4000,0.5,5,-0.09876092762280675,1993,True
4000,0.5,6,0.26184875274014546,1987,True
4000,0.5,7,-0.43934480855295127,1973,True
4000,0.5,8,-0.19573897365302276,1996,True
4000,0.5,9,-0.07274057157571945,2002,True
4000,0.5,10,0.18314318276371286,1989,True
4000,0.5,11,-0.19698536725093382,2031,True
4000,0.5,12,-0.2433155238602497,1974,True
4000,0.5,13,0.016959342278192673,1962,True
4000,0.5,14,-0.010101190093666466,1990,True
4000,0.5,15,0.0406029996020745,2017,True
4000,0.5,16,-0.31700677837231583,1969,True
4000,0.5,17,-0.06292859920288774,1985,True
4000,0.5,18,-0.06488381012305286,2020,True
4000,0.5,19,0.15874009330304797,1992,True
4000,0.5,20,0.30973103800251156,1994,True
4000,0.5,21,0.3341210095498462,2049,True
4000,0.5,22,0.4711302911344877,1972,True
4000,0.5,23,0.5239774743615822,2007,True
4000,0.5,24,0.09224232412463809,2025,True
4000,0.5,25,0.05141584527193789,2008,True
4000,0.5,26,-0.4765108600610456,1984,True
4000,0.5,27,-0.026431956082757016,1982,True
4000,0.5,28,0.19656957648983278,1968,True
4000,0.5,29,0.3012395063592324,1974,True
4000,0.5,30,-0.04065547129378115,1993,True
4000,0.5,31,0.2914811749831823,1935,True
4000,0.5,32,-0.11460282007153784,2003,True
4000,0.5,33,0.14159394499738956,2021,True
4000,0.5,34,0.18330434204710366,1985,True
4000,0.5,35,0.0385376682631157,1953,True
4000,0.5,36,0.4573583158470341,2017,True
4000,0.5,37,0.22078959369497522,1986,True
4000,0.5,38,0.4226213152282246,1953,True
4000,0.5,39,-0.14408018290233804,2012,True
4000,0.25,0,0.13542912807750818,984,True
4000,0.25,1,-0.2105276577155739,978,True
4000,0.25,2,-0.16752752062756035,1002,True
4000,0.25,3,-0.12151667695806548,978,True
4000,0.25,4,-0.35012874376634395,1005,True
4000,0.25,5,0.4222861172858997,989,True
4000,0.25,6,0.3019494043872992,977,True
4000,0.25,7,-0.7267436790835138,1009,True
4000,0.25,8,0.27770809049116124,1000,True
4000,0.25,9,0.27422574421203544,974,True
4000,0.25,10,-0.13984348344982997,1030,True
4000,0.25,11,-0.10929080990789804,1045,True
4000,0.25,12,-0.11321428883510959,1010,True
4000,0.25,13,0.06411837425886546,952,True
4000,0.25,14,-0.14745105452811394,1016,True
4000,0.25,15,-0.048313647906332725,1020,True
4000,0.25,16,-0.8733367110716941,999,True
4000,0.25,17,-0.27046502907500475,975,True
4000,0.25,18,0.05459864842655366,992,True
4000,0.25,19,0.037981710784319264,1000,True
4000,0.25,20,-0.04526413301976626,995,True
4000,0.25,21,0.21114896833239397,1090,True
4000,0.25,22,0.3940514503768578,1004,True
4000,0.25,23,0.666360738189458,993,True
4000,0.25,24,-0.3478678717658323,1015,True
4000,0.25,25,-0.011849849354460684,994,True
4000,0.25,26,-0.2612442846035956,995,True
4000,0.25,27,-0.09584532637479366,1018,True
4000,0.25,28,0.3958226275346752,980,True
4000,0.25,29,0.17557590724618255,946,True
4000,0.25,30,-0.23030351962310394,997,True
4000,0.25,31,-0.3101649670063792,957,True
4000,0.25,32,-0.18884089706435048,996,True
4000,0.25,33,-0.10867684259069045,1021,True
4000,0.25,34,0.15202721224354154,972,True
4000,0.25,35,0.37877568003189177,1023,True
4000,0.25,36,1.038425655520378,1009,True
4000,0.25,37,0.1202501658240233,979,True
4000,0.25,38,0.7017787621489148,969,True
4000,0.25,39,-0.3877899181259028,1004,True
4000,0.12,0,0.2882105749404799,478,True
4000,0.12,1,-0.08841434402393955,473,True
4000,0.12,2,-0.5358620164221103,478,True
4000,0.12,3,-0.7747261808427749,445,True
4000,0.12,4,-2.213671091181179,502,True
4000,0.12,5,0.1790021491936727,473,True
4000,0.12,6,-0.13582093581826837,473,True
4000,0.12,7,-0.6905005399218631,513,True
4000,0.12,8,0.5163222212125356,486,True
4000,0.12,9,-0.4568289346578281,476,True
4000,0.12,10,1.0286253747928538,480,True
4000,0.12,11,-0.15883708761856408,511,True
4000,0.12,12,-0.29645008703920306,501,True
4000,0.12,13,0.31753112870063754,461,True
4000,0.12,14,-1.146813340742982,472,True
4000,0.12,15,0.6547732274628987,494,True
4000,0.12,16,-1.4282632996229239,456,True
4000,0.12,17,-0.15297266314358884,470,True
4000,0.12,18,-0.37184862160169746,482,True
4000,0.12,19,-1.1135187210318143,468,True
4000,0.12,20,-0.2440874756745646,495,True
4000,0.12,21,0.4136771775675489,511,True
4000,0.12,22,1.1481223695190268,500,True
4000,0.12,23,-0.2538830133295115,453,True
4000,0.12,24,0.851418981976971,494,True
4000,0.12,25,0.8033586768430767,495,True
4000,0.12,26,-0.663609819833828,490,True
4000,0.12,27,0.8536088135884513,499,True
4000,0.12,28,1.0727230533978493,470,True
4000,0.12,29,-0.23500222600398454,473,True
4000,0.12,30,-0.8812352065207986,490,True
4000,0.12,31,-1.1913333760772504,451,True
4000,0.12,32,0.5530225933960925,485,True
4000,0.12,33,0.9270856518407959,476,True
4000,0.12,34,0.7553247816905685,460,True
4000,0.12,35,-0.27834023359292837,500,True
4000,0.12,36,1.3659240051178432,461,True
4000,0.12,37,-0.385274079434755,458,True
4000,0.12,38,1.1945059251289345,475,True
4000,0.12,39,-0.9872793133360558,476,True
1000,0.5,0,0.40668499167510713,460,True
1000,0.5,1,0.16868986765908986,479,True
1000,0.5,2,0.2645345370232471,515,True
1000,0.5,3,-0.22709767081254176,506,True
1000,0.5,4,-0.9928643429220463,520,True
1000,0.5,5,0.8635392268710043,520,True
1000,0.5,6,-0.5897724015922673,498,True
1000,0.5,7,-0.6582951818185631,483,True
1000,0.5,8,0.41920676020811193,524,True
1000,0.5,9,0.7416364446090421,503,True
1000,0.5,10,0.2653347098139758,490,True
1000,0.5,11,-0.1673042041236419,501,True
1000,0.5,12,-0.24828314086375017,476,True
1000,0.5,13,-0.6849511798581506,496,True
1000,0.5,14,-0.3835215731100688,503,True
1000,0.5,15,-0.002403497978375062,500,True
1000,0.5,16,0.01718325407710814,495,True
1000,0.5,17,0.04898818621985828,470,True
1000,0.5,18,-1.0390535569482817,504,True
1000,0.5,19,0.23703546384167495,490,True
1000,0.5,20,-0.25121434262220876,490,True
1000,0.5,21,-0.07714740482470328,505,True
1000,0.5,22,-0.20928058330826202,454,True
1000,0.5,23,0.08043003893751309,500,True
1000,0.5,24,-0.41450309414529707,483,True
1000,0.5,25,0.3520777674429321,485,True
1000,0.5,26,0.2888089688948737,485,True
1000,0.5,27,-0.49581458022576996,467,True
1000,0.5,28,-0.07169688893128864,486,True
1000,0.5,29,-0.3843959220251162,465,True
1000,0.5,30,0.6317629045564974,484,True
1000,0.5,31,0.6549442885172736,463,True
1000,0.5,32,0.5344902798833598,477,True
1000,0.5,33,0.34960964480100887,513,True
1000,0.5,34,0.05210926790085255,472,True
1000,0.5,35,-0.13067906040671468,477,True
1000,0.5,36,-0.09193342737813348,503,True
1000,0.5,37,-0.010039259893217545,463,True
1000,0.5,38,0.3676162456399985,485,True
1000,0.5,39,-0.05598834507047498,493,True
1000,0.25,0,-1.0009148786033009,237,True
1000,0.25,1,0.05785275690103451,217,True
1000,0.25,2,0.29775176335843845,246,True
1000,0.25,3,0.9508919720238326,240,True
1000,0.25,4,-1.1738314369637184,268,True
1000,0.25,5,0.7000034771413579,257,True
1000,0.25,6,0.16241468624086078,245,True
1000,0.25,7,-1.0503179050229223,255,True
1000,0.25,8,0.3422964947406981,267,True
1000,0.25,9,1.5220501321949214,250,True
1000,0.25,10,-0.5575909415751091,244,True
1000,0.25,11,-0.37868880383669695,252,True
1000,0.25,12,-0.13854149257201873,225,True
1000,0.25,13,0.4693935615885138,239,True
1000,0.25,14,-0.577593346465688,252,True
1000,0.25,15,0.45067139035729203,264,True
1000,0.25,16,0.4545173185544916,257,True
1000,0.25,17,0.24722498732442558,241,True
1000,0.25,18,-0.7792983883816476,260,True
1000,0.25,19,0.481336814388207,241,True
1000,0.25,20,0.041702232363447535,248,True
1000,0.25,21,-1.1443189725749017,264,True
1000,0.25,22,-0.9231611586973176,218,True
1000,0.25,23,-0.49164647984365234,245,True
1000,0.25,24,-1.4788850512293796,248,True
1000,0.25,25,0.9234932012641995,252,True
1000,0.25,26,-0.04587276058501129,255,True
1000,0.25,27,-0.4533643082150952,235,True
1000,0.25,28,-0.012585342076680744,241,True
1000,0.25,29,-1.3242608533561193,215,True
1000,0.25,30,-1.1029008860762093,232,True
1000,0.25,31,0.399519426324193,214,True
1000,0.25,32,1.0227520087906106,225,True
1000,0.25,33,-0.035083571811372075,266,True
1000,0.25,34,0.8473747044165945,230,True
1000,0.25,35,0.01659655049810361,253,True
1000,0.25,36,-0.005920690563173713,253,True
1000,0.25,37,0.35487070561352574,212,True
1000,0.25,38,0.4825735551224045,235,True
1000,0.25,39,0.2361310030197918,235,True
1000,0.12,0,-3.2422768051889252,125,True
1000,0.12,1,-0.5649885982969016,102,True
1000,0.12,2,-0.36026136468306663,121,True
1000,0.12,3,-1.570948475478749,102,True
1000,0.12,4,-3.7054151077747677,139,True
1000,0.12,5,0.8141877708140693,143,True
1000,0.12,6,1.2021835691907496,108,True
1000,0.12,7,-0.6230563269338988,124,True
1000,0.12,8,2.430534228051042,127,True
1000,0.12,9,4.2201997392091535,117,True
1000,0.12,10,-0.18714691740103265,114,True
1000,0.12,11,-0.7484361605082794,133,True
1000,0.12,12,0.6124524365981117,101,True
1000,0.12,13,0.5583104443102483,109,True
1000,0.12,14,-0.7479516850624531,131,True
1000,0.12,15,0.10174463186362465,134,True
1000,0.12,16,0.7398059585684919,117,True
1000,0.12,17,0.6783527344797561,118,True
1000,0.12,18,-2.3065898803273934,119,True
1000,0.12,19,0.9771751856952028,103,True
1000,0.12,20,-3.1029981513649894,122,True
1000,0.12,21,-3.746979606318664,119,True
1000,0.12,22,-0.8577193302911839,108,True
1000,0.12,23,0.9993414591569773,115,True
1000,0.12,24,0.14425819171559492,138,True
1000,0.12,25,1.138551592618124,123,True
1000,0.12,26,1.2096671209437484,113,True
1000,0.12,27,-1.9601330139904647,115,True
1000,0.12,28,-4.238807687728705,105,True
1000,0.12,29,-1.534439774847935,99,True
1000,0.12,30,-5.8667004369423905,120,True
1000,0.12,31,4.846715165371923,107,True
1000,0.12,32,-1.559965118152709,104,True
1000,0.12,33,-0.34554491913764573,126,True
1000,0.12,34,1.158686117628827,112,True
1000,0.12,35,0.744526698618958,130,True
1000,0.12,36,-1.981436106515849,103,True
1000,0.12,37,-0.41602128100241315,97,True
1000,0.12,38,3.067571147778968,111,True
1000,0.12,39,1.379604062352277,117,True
250,0.5,0,1.23290162609005,111,True
250,0.5,1,-0.7957399110927275,126,True
250,0.5,2,-0.22128280290100497,138,True
250,0.5,3,-0.285727748173593,126,True
250,0.5,4,-1.0978246678695602,130,True
250,0.5,5,1.552528488150568,126,True
250,0.5,6,0.5444324063312271,130,True
250,0.5,7,-1.2225151113387573,115,True
250,0.5,8,1.7747601796423453,120,True
250,0.5,9,0.42773309897825823,118,True
250,0.5,10,-0.2655548232972276,111,True
250,0.5,11,0.2005219911730064,112,True
250,0.5,12,1.1318665811866364,108,True
250,0.5,13,-0.1444393041119476,126,True
250,0.5,14,0.7283933055559172,120,True
250,0.5,15,0.8488669551124266,133,True
250,0.5,16,-0.2921294323075166,120,True
250,0.5,17,0.6462739191664492,106,True
250,0.5,18,-0.1751885035421064,123,True
250,0.5,19,-0.12541563158108124,109,True
250,0.5,20,-1.553573842505779,109,True
250,0.5,21,-0.496508784467481,124,True
250,0.5,22,-1.0717039711560434,115,True
250,0.5,23,-1.6158703473224274,120,True
250,0.5,24,-1.3650438076374074,119,True
250,0.5,25,0.048272314769299066,110,True
250,0.5,26,2.239456126172909,101,True
250,0.5,27,1.2436486712693482,103,True
250,0.5,28,0.30326916904446166,111,True
250,0.5,29,-1.778021201192221,130,True
250,0.5,30,-0.6727429543762505,125,True
250,0.5,31,-0.6043433272433072,107,True
250,0.5,32,0.2949959858409169,117,True
250,0.5,33,-1.0678234090458443,124,True
250,0.5,34,-0.24366907192991946,105,True
250,0.5,35,-0.016602940797351452,122,True
250,0.5,36,0.05445128369053448,137,True
250,0.5,37,-0.8685212803354166,111,True
250,0.5,38,1.1748347571256852,120,True
250,0.5,39,1.2864240370679347,121,True
250,0.25,0,3.2514736632871832,54,True
250,0.25,1,-3.448340319686426,55,True
250,0.25,2,0.15558671129401058,74,True
250,0.25,3,-2.7528128795694284,67,True
250,0.25,4,-0.4515001238021525,65,True
250,0.25,5,1.234438228431131,55,True
250,0.25,6,1.2060768872672287,61,True
250,0.25,7,-1.5790907343389526,68,True
250,0.25,8,2.789390912294432,59,True
250,0.25,9,-0.6994439338530163,55,True
250,0.25,10,-9.158667572472558,49,True
250,0.25,11,1.3503115744251015,54,True
250,0.25,12,1.2821687653549796,54,True
250,0.25,13,1.4466650261149707,66,True
250,0.25,14,0.33409558162158026,61,True
250,0.25,15,1.271295278457955,68,True
250,0.25,16,0.21351099912141996,59,True
250,0.25,17,2.016222195508019,50,True
250,0.25,18,0.02722908509654942,62,True
250,0.25,19,-0.5030258611975108,46,True
250,0.25,20,-1.3180910387436786,48,True
250,0.25,21,-0.3627330186708918,68,True
250,0.25,22,-0.31301396124155734,61,True
250,0.25,23,-1.0683085387721918,55,True
250,0.25,24,-5.197366155675936,53,True
250,0.25,25,4.590566810610793,53,True
250,0.25,26,1.992640176265598,53,True
250,0.25,27,1.6608916569889478,58,True
250,0.25,28,-0.23466519292477106,57,True
250,0.25,29,0.47581986643242585,56,True
250,0.25,30,-5.185296233912142,55,True
250,0.25,31,-2.3781420840455074,51,True
250,0.25,32,-2.8216538683128563,55,True
250,0.25,33,-0.6693556518144125,64,True
250,0.25,34,-0.8855600460020213,47,True
250,0.25,35,0.061971124469947986,69,True
250,0.25,36,1.2670557633755546,63,True
250,0.25,37,0.23844030741427594,45,True
250,0.25,38,6.718345527411066,57,True
250,0.25,39,0.9479385449603165,56,True
250,0.12,0,,25,False
250,0.12,1,,31,False
250,0.12,2,,37,False
250,0.12,3,,33,False
250,0.12,4,,36,False
250,0.12,5,-0.20725168467867283,36,True
250,0.12,6,,27,False
250,0.12,7,-3.919782389480605,39,True
250,0.12,8,,30,False
250,0.12,9,,28,False
250,0.12,10,,27,False
250,0.12,11,,34,False
250,0.12,12,,26,False
250,0.12,13,,39,False
250,0.12,14,,31,False
250,0.12,15,3.971029527752288,37,True
250,0.12,16,,30,False
250,0.12,17,,27,False
250,0.12,18,,32,False
250,0.12,19,,25,False
250,0.12,20,,27,False
250,0.12,21,,32,False
250,0.12,22,,33,False
250,0.12,23,,28,False
250,0.12,24,,32,False
250,0.12,25,,32,False
250,0.12,26,,30,False
250,0.12,27,,31,False
250,0.12,28,,29,False
250,0.12,29,,29,False
250,0.12,30,,30,False
250,0.12,31,,30,False
250,0.12,32,,37,False
250,0.12,33,,37,False
250,0.12,34,,21,False
250,0.12,35,0.2048308561488032,36,True
250,0.12,36,,30,False
250,0.12,37,,28,False
250,0.12,38,,31,False
250,0.12,39,,34,False
