scheme,keep,seed,w_cex,speed_cex,speed_pool,minutes
hold,1.0,0,-0.1157586809,-0.4313236694,-0.044749335,3994
hold,1.0,1,-0.0253116302,-0.4263693316,-0.0105256807,3994
hold,1.0,2,0.3276639455,-0.2770517562,0.1350215729,3994
hold,1.0,3,0.0511388614,-0.3652316749,0.0196841574,3994
hold,1.0,4,-0.0434391672,-0.4264192136,-0.0177521566,3994
hold,1.0,5,-0.0771742099,-0.4213895757,-0.030190481,3994
hold,1.0,6,0.0712212996,-0.3567972475,0.0273601921,3994
hold,1.0,7,-0.0042967776,-0.4088153095,-0.0017490731,3994
hold,1.0,8,-0.1671267623,-0.4423081272,-0.0633363295,3994
hold,1.0,9,-0.0371407163,-0.4300955699,-0.0154020157,3994
hold,1.0,10,-0.0423700142,-0.4304706433,-0.0174976707,3994
hold,1.0,11,-0.2659548212,-0.4947844617,-0.1039455049,3994
hold,1.0,12,0.1335288314,-0.299967499,0.0462269387,3994
hold,1.0,13,-0.1313109587,-0.4351869777,-0.0505120355,3994
hold,1.0,14,-0.0219988969,-0.4071808478,-0.0087647154,3994
hold,1.0,15,0.1360429327,-0.3696271458,0.0582033099,3994
hold,1.0,16,-0.1085054299,-0.4145128791,-0.0405743598,3994
hold,1.0,17,0.0950679101,-0.3723632919,0.0391187365,3994
hold,1.0,18,-0.0254321325,-0.4059342202,-0.010067729,3994
hold,1.0,19,-0.0773588875,-0.429588746,-0.030846274,3994
hold,1.0,20,0.1224428254,-0.3627480617,0.0506131098,3994
hold,1.0,21,0.1041412031,-0.3675646242,0.0427284102,3994
hold,1.0,22,0.2044955303,-0.3188297087,0.0819596279,3994
hold,1.0,23,0.1237461034,-0.3410156499,0.0481588248,3994
hold,1.0,24,0.0485472917,-0.394182207,0.0201129057,3994
hold,1.0,25,-0.1004221762,-0.4172631841,-0.0380785465,3994
hold,1.0,26,-0.2339836868,-0.4759754759,-0.0902528112,3994
hold,1.0,27,-0.2420520073,-0.5017113341,-0.0977738732,3994
hold,1.0,28,0.2229523708,-0.2985728118,0.0856672278,3994
hold,1.0,29,0.103111376,-0.3531447027,0.0405995073,3994
hold,1.0,30,-0.104268687,-0.4400712419,-0.0415529763,3994
hold,1.0,31,-0.0003509121,-0.3973844005,-0.0001393981,3994
hold,1.0,32,-0.1600154166,-0.4743975228,-0.0654395762,3994
hold,1.0,33,-0.088203223,-0.4562178454,-0.0369782808,3994
hold,1.0,34,0.0130539896,-0.4154762937,0.0054953596,3994
hold,1.0,35,0.0296714441,-0.3697972547,0.0113079415,3994
hold,1.0,36,0.2523189899,-0.3119356626,0.105268544,3994
hold,1.0,37,0.0335512278,-0.3943337727,0.0136896881,3994
hold,1.0,38,0.2924853382,-0.2969667797,0.1227655534,3994
hold,1.0,39,-0.1958256369,-0.5050394187,-0.0827040856,3994
hold,0.8,0,0.5232293103,-0.2729917016,0.2995932066,3994
hold,0.8,1,0.7122987309,-0.1702917963,0.4216131225,3994
hold,0.8,2,0.6934467823,-0.1680623133,0.3801697834,3994
hold,0.8,3,0.6106955551,-0.2137157726,0.3352524589,3994
hold,0.8,4,0.5692715083,-0.2438589837,0.3222957713,3994
hold,0.8,5,0.5407888071,-0.2681729213,0.3158131084,3994
hold,0.8,6,0.669141851,-0.1808132044,0.3656844562,3994
hold,0.8,7,0.6334467912,-0.2304519136,0.3982478443,3994
hold,0.8,8,0.5374303232,-0.2604606804,0.302612719,3994
hold,0.8,9,0.6132110742,-0.221458293,0.3510976367,3994
hold,0.8,10,0.6070872434,-0.2404957871,0.3715886593,3994
hold,0.8,11,0.4628766763,-0.3189417248,0.2748543565,3994
hold,0.8,12,0.6302848204,-0.1892939385,0.3227054302,3994
hold,0.8,13,0.5812722395,-0.239218339,0.3320796775,3994
hold,0.8,14,0.6002473555,-0.2298432226,0.3451203849,3994
hold,0.8,15,0.6683644191,-0.1951357738,0.3932684417,3994
hold,0.8,16,0.5224213639,-0.2588777854,0.2831853762,3994
hold,0.8,17,0.6847351647,-0.1807534158,0.3925849193,3994
hold,0.8,18,0.5946140807,-0.2246684029,0.329540296,3994
hold,0.8,19,0.6026825505,-0.2196775482,0.33322429,3994
hold,0.8,20,0.6791237006,-0.1869894874,0.3957568475,3994
hold,0.8,21,0.5741656442,-0.2352540202,0.3172002781,3994
hold,0.8,22,0.7540963606,-0.1381312575,0.4235979543,3994
hold,0.8,23,0.674223101,-0.179718112,0.3719419736,3994
hold,0.8,24,0.6714014587,-0.1859263737,0.3798898134,3994
hold,0.8,25,0.5686007827,-0.2451701718,0.3231437286,3994
hold,0.8,26,0.5465833503,-0.2477803716,0.2986935432,3994
hold,0.8,27,0.5668031941,-0.2677709613,0.3503567757,3994
hold,0.8,28,0.6928226968,-0.1687683565,0.3806483966,3994
hold,0.8,29,0.6987399675,-0.1682123746,0.3901503567,3994
hold,0.8,30,0.4990453416,-0.2885562838,0.2874564928,3994
hold,0.8,31,0.7088266564,-0.1599083156,0.3892776559,3994
hold,0.8,32,0.6363287144,-0.21043132,0.3681992408,3994
hold,0.8,33,0.5558751959,-0.2567889816,0.3214020566,3994
hold,0.8,34,0.5931080605,-0.238684567,0.3479197469,3994
hold,0.8,35,0.6118150313,-0.226287634,0.3566500175,3994
hold,0.8,36,0.6838229545,-0.1775856389,0.3840795466,3994
hold,0.8,37,0.6513503908,-0.2060014442,0.3848537833,3994
hold,0.8,38,0.6946735287,-0.1877559371,0.4271790742,3994
hold,0.8,39,0.6083552764,-0.2188367584,0.3399266954,3994
hold,0.6,0,0.6822174604,-0.1825409902,0.3918800917,3994
hold,0.6,1,0.829920365,-0.0919689481,0.4487715592,3994
hold,0.6,2,0.8305743169,-0.0895761057,0.4391283035,3994
hold,0.6,3,0.819479708,-0.0975067296,0.4426360352,3994
hold,0.6,4,0.7960099564,-0.1170702996,0.4568317278,3994
hold,0.6,5,0.7498550228,-0.1436778545,0.4307004764,3994
hold,0.6,6,0.7711584613,-0.1089488001,0.3671395916,3994
hold,0.6,7,0.8456602175,-0.0917379216,0.5026514195,3994
hold,0.6,8,0.7897043188,-0.1103283492,0.4143060541,3994
hold,0.6,9,0.8214814945,-0.0888032785,0.4086425086,3994
hold,0.6,10,0.7822476639,-0.1253078607,0.4501526051,3994
hold,0.6,11,0.6483520469,-0.1856536504,0.3422995164,3994
hold,0.6,12,0.8088142402,-0.0915689313,0.3873837451,3994
hold,0.6,13,0.7086795669,-0.1584690399,0.3854991198,3994
hold,0.6,14,0.8088202597,-0.1038713786,0.4394465403,3994
hold,0.6,15,0.8133431023,-0.0954566687,0.4159451057,3994
hold,0.6,16,0.7750483505,-0.1157420406,0.3987775943,3994
hold,0.6,17,0.8394814949,-0.086702502,0.4534377263,3994
hold,0.6,18,0.8178548387,-0.0877707015,0.3941015637,3994
hold,0.6,19,0.6993898587,-0.1775671046,0.4131218983,3994
hold,0.6,20,0.8148466135,-0.1047158237,0.4608467386,3994
hold,0.6,21,0.7832152423,-0.1184742544,0.4280321314,3994
hold,0.6,22,0.9621287435,-0.0190287383,0.483429855,3994
hold,0.6,23,0.8176828501,-0.0962785232,0.4318041245,3994
hold,0.6,24,0.8492148369,-0.0830929482,0.4679755156,3994
hold,0.6,25,0.7648912099,-0.1221898885,0.3975264879,3994
hold,0.6,26,0.7719818502,-0.1275284729,0.4317624125,3994
hold,0.6,27,0.8349506529,-0.091904022,0.4649235185,3994
hold,0.6,28,0.8125477545,-0.0984550462,0.4267723038,3994
hold,0.6,29,0.8710874062,-0.0662790068,0.4478601077,3994
hold,0.6,30,0.7317829459,-0.1399811717,0.3819139485,3994
hold,0.6,31,0.8426392838,-0.0802379581,0.4296603191,3994
hold,0.6,32,0.8385565109,-0.0853518728,0.4433276875,3994
hold,0.6,33,0.8155655033,-0.1026333212,0.4538424089,3994
hold,0.6,34,0.7580370631,-0.135960467,0.4259457022,3994
hold,0.6,35,0.7889797076,-0.1128393962,0.4218930454,3994
hold,0.6,36,0.8501552169,-0.07963553,0.4518179406,3994
hold,0.6,37,0.8484014088,-0.0786866189,0.4403592261,3994
hold,0.6,38,0.8190515373,-0.1036890185,0.4693416494,3994
hold,0.6,39,0.8012625176,-0.1043861668,0.4208603319,3994
hold,0.45,0,0.8512726067,-0.0684238866,0.3916385479,3994
hold,0.45,1,0.8024791869,-0.0873038709,0.3546944661,3994
hold,0.45,2,0.9519667815,-0.0207638088,0.4115163811,3994
hold,0.45,3,0.8859456856,-0.0534480552,0.4151712645,3994
hold,0.45,4,0.8332568877,-0.0776498753,0.3880357788,3994
hold,0.45,5,0.8524611562,-0.0665225888,0.3843592744,3994
hold,0.45,6,0.921924554,-0.0325718637,0.3846126077,3994
hold,0.45,7,0.9090592126,-0.0407938375,0.4077819741,3994
hold,0.45,8,0.8024500113,-0.085045201,0.345454449,3994
hold,0.45,9,0.8775221988,-0.051164782,0.3665826099,3994
hold,0.45,10,0.9260933079,-0.0350609937,0.4393343917,3994
hold,0.45,11,0.7747278556,-0.1096524118,0.3771028952,3994
hold,0.45,12,0.8721118752,-0.0585200796,0.3990679856,3994
hold,0.45,13,0.828394745,-0.0843608036,0.4072372163,3994
hold,0.45,14,0.855912962,-0.0661162422,0.3927469778,3994
hold,0.45,15,0.8535323441,-0.0645958002,0.3764285328,3994
hold,0.45,16,0.8799228425,-0.0556255137,0.4076225749,3994
hold,0.45,17,0.9225088151,-0.034175133,0.4068444883,3994
hold,0.45,18,0.8515670178,-0.0621276877,0.3564294738,3994
hold,0.45,19,0.8111335457,-0.0952819536,0.409211838,3994
hold,0.45,20,0.8819250061,-0.049241922,0.3677974557,3994
hold,0.45,21,0.854168395,-0.0583443787,0.3417361025,3994
hold,0.45,22,0.9547606702,-0.0184786799,0.3899862549,3994
hold,0.45,23,0.8637818386,-0.0621735406,0.3942526798,3994
hold,0.45,24,0.8477286612,-0.0699051174,0.3891774515,3994
hold,0.45,25,0.8448225728,-0.0639090287,0.3479358503,3994
hold,0.45,26,0.8149225592,-0.0853726146,0.3759078863,3994
hold,0.45,27,0.9400480735,-0.0263416431,0.4130377843,3994
hold,0.45,28,0.900397159,-0.0436784731,0.3948479043,3994
hold,0.45,29,0.911029214,-0.0371364861,0.380264413,3994
hold,0.45,30,0.8124377614,-0.085568735,0.3706464162,3994
hold,0.45,31,0.9123259099,-0.0397422686,0.4135532101,3994
hold,0.45,32,0.859440678,-0.0630709129,0.3856429255,3994
hold,0.45,33,0.9265069517,-0.0271270408,0.3419832555,3994
hold,0.45,34,0.8337345438,-0.0768290084,0.3852574054,3994
hold,0.45,35,0.872055749,-0.060756637,0.4141114131,3994
hold,0.45,36,0.9248891732,-0.0294831736,0.3630457716,3994
hold,0.45,37,0.9352381065,-0.0268162586,0.3872583943,3994
hold,0.45,38,0.8575728452,-0.062696075,0.3775014074,3994
hold,0.45,39,0.847797948,-0.0671198735,0.3738720354,3994
hold,0.3,0,0.8694102586,-0.0392291871,0.2611710332,3994
hold,0.3,1,0.8710817725,-0.0464085044,0.3135755356,3994
hold,0.3,2,1.0072895228,0.0021314768,0.2945342575,3994
hold,0.3,3,0.9762179705,-0.007481765,0.3071156483,3994
hold,0.3,4,0.8728426224,-0.0406575202,0.2790842118,3994
hold,0.3,5,0.9205041899,-0.026105463,0.3022824473,3994
hold,0.3,6,1.0121811654,0.0033662484,0.2797148785,3994
hold,0.3,7,0.979644652,-0.0063261805,0.3044609635,3994
hold,0.3,8,0.9810574788,-0.0044841234,0.2322385047,3994
hold,0.3,9,0.9566526306,-0.0130817324,0.2887066482,3994
hold,0.3,10,0.9013864983,-0.0364921113,0.3335597647,3994
hold,0.3,11,0.8462837072,-0.0502725257,0.2767749508,3994
hold,0.3,12,0.8444130237,-0.0482557599,0.2618971916,3994
hold,0.3,13,0.9505037664,-0.0160335443,0.3079010899,3994
hold,0.3,14,0.92174897,-0.0266029464,0.3133663343,3994
hold,0.3,15,0.8803118825,-0.0375600702,0.2762561295,3994
hold,0.3,16,0.8570303337,-0.0455197194,0.272867534,3994
hold,0.3,17,0.9474552911,-0.0151788968,0.2736969418,3994
hold,0.3,18,0.9873647454,-0.0029806017,0.2329150541,3994
hold,0.3,19,0.9322669856,-0.0221346661,0.3046582037,3994
hold,0.3,20,0.9828355284,-0.0053957199,0.3089582543,3994
hold,0.3,21,0.890111437,-0.0335004032,0.2713575569,3994
hold,0.3,22,0.9325148019,-0.0179524736,0.2480684337,3994
hold,0.3,23,0.8866519761,-0.0354080693,0.2769755797,3994
hold,0.3,24,0.9530599237,-0.0139551726,0.2833424399,3994
hold,0.3,25,0.8907179909,-0.0331961395,0.2705696841,3994
hold,0.3,26,0.8424372796,-0.0501682661,0.2682336118,3994
hold,0.3,27,0.9459461823,-0.0189413301,0.3314748084,3994
hold,0.3,28,0.9001471777,-0.0322662225,0.2908715891,3994
hold,0.3,29,1.0121652588,0.0033926401,0.2822720422,3994
hold,0.3,30,0.8623104178,-0.0457788415,0.2866997729,3994
hold,0.3,31,0.9821088029,-0.0059375673,0.3259333101,3994
hold,0.3,32,0.8181380263,-0.0541596659,0.2436467683,3994
hold,0.3,33,0.9779838106,-0.006219148,0.2762615247,3994
hold,0.3,34,0.8725607486,-0.0446590837,0.3057752073,3994
hold,0.3,35,0.948923851,-0.0173547332,0.3224268198,3994
hold,0.3,36,0.9564434503,-0.0127153444,0.2792119202,3994
hold,0.3,37,0.9421410784,-0.0180852998,0.2944905199,3994
hold,0.3,38,0.9381869385,-0.0177202662,0.2689548437,3994
hold,0.3,39,0.948275911,-0.0154520361,0.28328761,3994
hold,0.2,0,0.9181185048,-0.0170859941,0.1915813492,3994
hold,0.2,1,0.8890110035,-0.0251503883,0.2014521495,3994
hold,0.2,2,1.0324216204,0.005607194,0.1785533302,3994
hold,0.2,3,0.9300392732,-0.0166038419,0.2207270531,3994
hold,0.2,4,0.9283749594,-0.0138751795,0.1798444945,3994
hold,0.2,5,0.9953647925,-0.0009448608,0.2028994771,3994
hold,0.2,6,0.970656872,-0.0057624563,0.1906193434,3994
hold,0.2,7,1.005189847,0.0011046219,0.2139474834,3994
hold,0.2,8,0.9907875832,-0.0018422628,0.1981337911,3994
hold,0.2,9,0.9687502225,-0.0065289023,0.2023974588,3994
hold,0.2,10,0.9048508183,-0.0225020594,0.2139903516,3994
hold,0.2,11,0.9083349934,-0.0209273769,0.2073754151,3994
hold,0.2,12,0.9126882641,-0.0183882276,0.1922160789,3994
hold,0.2,13,0.9106083,-0.0198713519,0.2024239164,3994
hold,0.2,14,0.9809353596,-0.0035500198,0.1826596183,3994
hold,0.2,15,0.936130502,-0.0128063114,0.1877011578,3994
hold,0.2,16,0.8609285333,-0.0339620928,0.2102439518,3994
hold,0.2,17,0.9337578997,-0.0122164552,0.1722048593,3994
hold,0.2,18,0.9610376687,-0.0077784063,0.1918607331,3994
hold,0.2,19,0.9351609521,-0.0150317458,0.2167999396,3994
hold,0.2,20,0.965572468,-0.0069230633,0.1941678326,3994
hold,0.2,21,1.0116532737,0.0023289869,0.2021858643,3994
hold,0.2,22,0.9260212546,-0.0119838159,0.1500061697,3994
hold,0.2,23,0.8711680113,-0.0264635659,0.1789478867,3994
hold,0.2,24,0.971435447,-0.0053632642,0.1823961671,3994
hold,0.2,25,1.0277685582,0.0058059571,0.2148898075,3994
hold,0.2,26,0.8186482353,-0.0400418552,0.1807547568,3994
hold,0.2,27,0.9561897238,-0.0095355444,0.2081198824,3994
hold,0.2,28,0.8604663968,-0.0318576523,0.1964576178,3994
hold,0.2,29,0.9689875795,-0.0064035099,0.2000785951,3994
hold,0.2,30,0.8986178977,-0.0215396202,0.1909201704,3994
hold,0.2,31,1.0427439507,0.0084305334,0.2056639031,3994
hold,0.2,32,0.9140655206,-0.0158986951,0.1691108054,3994
hold,0.2,33,0.9875337023,-0.0026067211,0.2064947422,3994
hold,0.2,34,0.9340230891,-0.0182647116,0.2585701893,3994
hold,0.2,35,0.9300378852,-0.0172957923,0.2299207527,3994
hold,0.2,36,0.9802686982,-0.0036486438,0.1812678806,3994
hold,0.2,37,0.963493734,-0.0080788981,0.2132227839,3994
hold,0.2,38,1.0265256491,0.0042760763,0.1654814188,3994
hold,0.2,39,0.8771334413,-0.026922194,0.1921951496,3994
hold,0.1,0,1.0784484886,0.0064576557,0.0887748024,3994
hold,0.1,1,0.9503634885,-0.0059601371,0.1141155272,3994
hold,0.1,2,1.0026325169,0.0002793864,0.1064083752,3994
hold,0.1,3,0.9692791957,-0.0027382455,0.086395018,3994
hold,0.1,4,0.9209286924,-0.0082278462,0.0958281821,3994
hold,0.1,5,1.0683711972,0.006092872,0.0952074729,3994
hold,0.1,6,0.997113734,-0.0002397545,0.0828276122,3994
hold,0.1,7,0.9592774225,-0.0050163388,0.1181668965,3994
hold,0.1,8,1.0005444056,4.86713e-05,0.0894513868,3994
hold,0.1,9,1.1087575953,0.0085791074,0.0874619424,3994
hold,0.1,10,0.9899836809,-0.0010747916,0.1062292586,3994
hold,0.1,11,0.954388036,-0.0051059871,0.1068380434,3994
hold,0.1,12,1.005633161,0.0006343879,0.1132510647,3994
hold,0.1,13,1.0813772902,0.0084816296,0.1127076312,3994
hold,0.1,14,0.9870681844,-0.0012013787,0.0916996304,3994
hold,0.1,15,0.9201228155,-0.0077139685,0.0888588955,3994
hold,0.1,16,0.8669618838,-0.0160061517,0.1043063735,3994
hold,0.1,17,1.0546686346,0.0045395468,0.0875770484,3994
hold,0.1,18,1.0483703207,0.0037805875,0.0819398265,3994
hold,0.1,19,0.966810194,-0.0034970782,0.1018689556,3994
hold,0.1,20,1.0056856399,0.0005874803,0.103914513,3994
hold,0.1,21,1.0727034014,0.0067670772,0.0998449392,3994
hold,0.1,22,0.81545002,-0.018783556,0.0829967638,3994
hold,0.1,23,0.8939090655,-0.0107317533,0.090424423,3994
hold,0.1,24,1.0479862197,0.0041432589,0.0904859413,3994
hold,0.1,25,0.9945795804,-0.0004329914,0.0794485402,3994
hold,0.1,26,0.8727202212,-0.0141273034,0.0968667877,3994
hold,0.1,27,0.9076888979,-0.008863836,0.0871575066,3994
hold,0.1,28,0.9405486013,-0.0065513218,0.1036449389,3994
hold,0.1,29,1.0095189368,0.0010502663,0.11138468,3994
hold,0.1,30,0.9339840779,-0.0074068106,0.1047905259,3994
hold,0.1,31,1.0206392467,0.0023659567,0.1169998261,3994
hold,0.1,32,0.9241380527,-0.0077489848,0.0943968871,3994
hold,0.1,33,0.9927297207,-0.0009287242,0.1268138584,3994
hold,0.1,34,0.9088038053,-0.0105134204,0.1047701227,3994
hold,0.1,35,0.9322952646,-0.0080112883,0.1103155649,3994
hold,0.1,36,0.9704640007,-0.002361389,0.077588133,3994
hold,0.1,37,0.9266533968,-0.0076118588,0.0961674364,3994
hold,0.1,38,0.9117323764,-0.0096300181,0.099470213,3994
hold,0.1,39,0.8896889349,-0.0114672647,0.0924866288,3994
hold,0.05,0,1.0469334999,0.002282321,0.0509111464,3994
hold,0.05,1,0.9994254748,-3.35397e-05,0.0583446171,3994
hold,0.05,2,0.8740122379,-0.007638157,0.052988025,3994
hold,0.05,3,1.036234799,0.001782939,0.0509880981,3994
hold,0.05,4,0.9563201075,-0.0020677826,0.04527168,3994
hold,0.05,5,1.089074539,0.0044233584,0.0540824245,3994
hold,0.05,6,0.9959614263,-0.0002315967,0.057114562,3994
hold,0.05,7,0.9372975259,-0.0038878447,0.0581168011,3994
hold,0.05,8,0.8269959552,-0.0089972259,0.0430086441,3994
hold,0.05,9,0.9070786487,-0.0056927458,0.0555713849,3994
hold,0.05,10,1.0148850764,0.0007267029,0.0495476094,3994
hold,0.05,11,0.9043315639,-0.0064706554,0.0611656066,3994
hold,0.05,12,0.9449021962,-0.0031996423,0.0548724053,3994
hold,0.05,13,0.9733676734,-0.0017499975,0.0639595249,3994
hold,0.05,14,1.0073773219,0.0002950512,0.0402894057,3994
hold,0.05,15,0.8310171022,-0.010088759,0.0496140816,3994
hold,0.05,16,0.9691849839,-0.0015862374,0.0498898806,3994
hold,0.05,17,1.0931901923,0.0032115696,0.0376740972,3994
hold,0.05,18,1.0063982055,0.0003191297,0.0501971354,3994
hold,0.05,19,0.9127220908,-0.0048283039,0.0504927267,3994
hold,0.05,20,1.0970763645,0.0061670578,0.06969496,3994
hold,0.05,21,1.0076746595,0.0003330042,0.0437230962,3994
hold,0.05,22,0.8137456545,-0.0090869591,0.0397009448,3994
hold,0.05,23,0.8738573121,-0.0087572586,0.0606661757,3994
hold,0.05,24,1.0944409435,0.0055209804,0.0639805867,3994
hold,0.05,25,1.0851841336,0.0036039052,0.0459111405,3994
hold,0.05,26,0.9166920413,-0.0049910393,0.054919675,3994
hold,0.05,27,0.9873846975,-0.0006330978,0.0495518125,3994
hold,0.05,28,1.0284294484,0.0016988873,0.0614568971,3994
hold,0.05,29,1.0624187468,0.0028058068,0.0477571548,3994
hold,0.05,30,0.8381109295,-0.0120810075,0.0625442123,3994
hold,0.05,31,1.0899830269,0.0040955079,0.0496097348,3994
hold,0.05,32,0.9191705207,-0.0045331159,0.051549342,3994
hold,0.05,33,0.9865431478,-0.0007795328,0.0571487832,3994
hold,0.05,34,0.8483125424,-0.0093815381,0.0524662785,3994
hold,0.05,35,1.067417049,0.0041570787,0.0658192062,3994
hold,0.05,36,0.9658742928,-0.0014987358,0.042419352,3994
hold,0.05,37,0.9276252765,-0.004222631,0.0541213711,3994
hold,0.05,38,1.0077375196,0.0004483081,0.0583878161,3994
hold,0.05,39,0.8996373657,-0.0049537645,0.044404889,3994
drop,1.0,0,-0.1157586809,-0.4313236694,-0.044749335,3994
drop,1.0,1,-0.0253116302,-0.4263693316,-0.0105256807,3994
drop,1.0,2,0.3276639455,-0.2770517562,0.1350215729,3994
drop,1.0,3,0.0511388614,-0.3652316749,0.0196841574,3994
drop,1.0,4,-0.0434391672,-0.4264192136,-0.0177521566,3994
drop,1.0,5,-0.0771742099,-0.4213895757,-0.030190481,3994
drop,1.0,6,0.0712212996,-0.3567972475,0.0273601921,3994
drop,1.0,7,-0.0042967776,-0.4088153095,-0.0017490731,3994
drop,1.0,8,-0.1671267623,-0.4423081272,-0.0633363295,3994
drop,1.0,9,-0.0371407163,-0.4300955699,-0.0154020157,3994
drop,1.0,10,-0.0423700142,-0.4304706433,-0.0174976707,3994
drop,1.0,11,-0.2659548212,-0.4947844617,-0.1039455049,3994
drop,1.0,12,0.1335288314,-0.299967499,0.0462269387,3994
drop,1.0,13,-0.1313109587,-0.4351869777,-0.0505120355,3994
drop,1.0,14,-0.0219988969,-0.4071808478,-0.0087647154,3994
drop,1.0,15,0.1360429327,-0.3696271458,0.0582033099,3994
drop,1.0,16,-0.1085054299,-0.4145128791,-0.0405743598,3994
drop,1.0,17,0.0950679101,-0.3723632919,0.0391187365,3994
drop,1.0,18,-0.0254321325,-0.4059342202,-0.010067729,3994
drop,1.0,19,-0.0773588875,-0.429588746,-0.030846274,3994
drop,1.0,20,0.1224428254,-0.3627480617,0.0506131098,3994
drop,1.0,21,0.1041412031,-0.3675646242,0.0427284102,3994
drop,1.0,22,0.2044955303,-0.3188297087,0.0819596279,3994
drop,1.0,23,0.1237461034,-0.3410156499,0.0481588248,3994
drop,1.0,24,0.0485472917,-0.394182207,0.0201129057,3994
drop,1.0,25,-0.1004221762,-0.4172631841,-0.0380785465,3994
drop,1.0,26,-0.2339836868,-0.4759754759,-0.0902528112,3994
drop,1.0,27,-0.2420520073,-0.5017113341,-0.0977738732,3994
drop,1.0,28,0.2229523708,-0.2985728118,0.0856672278,3994
drop,1.0,29,0.103111376,-0.3531447027,0.0405995073,3994
drop,1.0,30,-0.104268687,-0.4400712419,-0.0415529763,3994
drop,1.0,31,-0.0003509121,-0.3973844005,-0.0001393981,3994
drop,1.0,32,-0.1600154166,-0.4743975228,-0.0654395762,3994
drop,1.0,33,-0.088203223,-0.4562178454,-0.0369782808,3994
drop,1.0,34,0.0130539896,-0.4154762937,0.0054953596,3994
drop,1.0,35,0.0296714441,-0.3697972547,0.0113079415,3994
drop,1.0,36,0.2523189899,-0.3119356626,0.105268544,3994
drop,1.0,37,0.0335512278,-0.3943337727,0.0136896881,3994
drop,1.0,38,0.2924853382,-0.2969667797,0.1227655534,3994
drop,1.0,39,-0.1958256369,-0.5050394187,-0.0827040856,3994
drop,0.8,0,0.0328876279,-0.4134169277,0.014058658,3146
drop,0.8,1,-0.0763885845,-0.494447899,-0.035089721,3162
drop,0.8,2,0.3519563265,-0.3005296865,0.1632194384,3199
drop,0.8,3,0.0894055392,-0.3839793837,0.0377005191,3201
drop,0.8,4,-0.0964259302,-0.5142754573,-0.0452283077,3203
drop,0.8,5,0.0130464078,-0.4474144197,0.0059143115,3182
drop,0.8,6,0.0387573054,-0.3948152441,0.0159189506,3156
drop,0.8,7,-0.2013822896,-0.5343695745,-0.0895739594,3175
drop,0.8,8,-0.1664981173,-0.4944883788,-0.0705799545,3183
drop,0.8,9,-0.0142521752,-0.486404696,-0.0068349126,3193
drop,0.8,10,0.1182956201,-0.4178053956,0.0560556911,3198
drop,0.8,11,-0.191546132,-0.5142281773,-0.0826643767,3197
drop,0.8,12,0.0551479826,-0.3665389923,0.0213937057,3233
drop,0.8,13,-0.1701394642,-0.5354347044,-0.0778527488,3163
drop,0.8,14,0.0147937899,-0.4475626177,0.00672057,3195
drop,0.8,15,0.3031305092,-0.3449984847,0.1500705192,3174
drop,0.8,16,-0.1036711053,-0.471606027,-0.044299355,3218
drop,0.8,17,0.098160762,-0.4214760329,0.0458755916,3227
drop,0.8,18,0.0447150368,-0.4309049623,0.0201698258,3134
drop,0.8,19,-0.0044029953,-0.4620859571,-0.0020256434,3231
drop,0.8,20,0.1335678105,-0.4162590916,0.0641698405,3203
drop,0.8,21,0.1774494593,-0.3948949785,0.0851909967,3180
drop,0.8,22,0.1619725632,-0.3944415786,0.0762370189,3200
drop,0.8,23,0.247023777,-0.3329290896,0.1092217771,3163
drop,0.8,24,0.106135403,-0.4217039216,0.0500721427,3198
drop,0.8,25,-0.1285273557,-0.4916506721,-0.0559938228,3183
drop,0.8,26,-0.2968203365,-0.5664848519,-0.129658843,3218
drop,0.8,27,-0.2686259438,-0.5782702216,-0.1224461669,3186
drop,0.8,28,0.2201053726,-0.3352965455,0.0946289005,3216
drop,0.8,29,0.198741008,-0.3628081368,0.0899894486,3163
drop,0.8,30,-0.092076313,-0.5038609106,-0.0424820632,3185
drop,0.8,31,0.1231652312,-0.3916792949,0.055017516,3210
drop,0.8,32,-0.0197594774,-0.493844956,-0.0095690391,3172
drop,0.8,33,-0.135536967,-0.5546220645,-0.0661993353,3149
drop,0.8,34,0.152090173,-0.4222811988,0.0757448711,3179
drop,0.8,35,0.1630153044,-0.3485001091,0.0678756155,3231
drop,0.8,36,0.2597197789,-0.3558825411,0.1248577664,3211
drop,0.8,37,0.0400183688,-0.4383740995,0.0182743251,3195
drop,0.8,38,0.2848610017,-0.3337097669,0.1329264642,3204
drop,0.8,39,-0.0158354844,-0.5244679945,-0.008175738,3193
drop,0.6,0,0.0045938591,-0.4976740198,0.0022967955,2386
drop,0.6,1,0.0156907431,-0.5249846673,0.0083687108,2368
drop,0.6,2,0.3232483182,-0.3778865221,0.180496312,2379
drop,0.6,3,0.1624568807,-0.4176749482,0.0810157324,2379
drop,0.6,4,-0.0840249807,-0.6091662191,-0.0472177124,2439
drop,0.6,5,0.0001195217,-0.5339225541,6.3823e-05,2355
drop,0.6,6,0.0317798195,-0.4588341094,0.0150602781,2344
drop,0.6,7,-0.305413516,-0.7143976064,-0.1671399002,2389
drop,0.6,8,-0.0770914554,-0.5388730436,-0.0385691549,2347
drop,0.6,9,-0.0508828849,-0.5867740398,-0.0284111164,2425
drop,0.6,10,0.3304190928,-0.3756172563,0.1853564098,2365
drop,0.6,11,-0.174792368,-0.6067191971,-0.0902711731,2427
drop,0.6,12,-0.1031756721,-0.4990331186,-0.0466726005,2445
drop,0.6,13,-0.1847366473,-0.6380389015,-0.0994897624,2350
drop,0.6,14,-0.0262694763,-0.5030809044,-0.0128773896,2366
drop,0.6,15,0.2749979877,-0.4306405831,0.1633447795,2344
drop,0.6,16,-0.3147781018,-0.6499041069,-0.1555970402,2401
drop,0.6,17,0.1094305847,-0.4849753735,0.0595923662,2443
drop,0.6,18,0.099881294,-0.4683316982,0.0519682301,2372
drop,0.6,19,-0.1929976283,-0.5853901029,-0.0947016983,2443
drop,0.6,20,0.1706173632,-0.4472411308,0.0920047022,2406
drop,0.6,21,0.2458272743,-0.4115907588,0.1341605589,2396
drop,0.6,22,0.2175390754,-0.4294753135,0.1194023365,2371
drop,0.6,23,0.3801833358,-0.3204129275,0.1965349798,2350
drop,0.6,24,0.1273510179,-0.4846877572,0.070733457,2398
drop,0.6,25,-0.0967964377,-0.5622418365,-0.0496199705,2362
drop,0.6,26,-0.3408699075,-0.6558596935,-0.1667296968,2439
drop,0.6,27,-0.2882378457,-0.6624889913,-0.1482291491,2404
drop,0.6,28,0.1609642911,-0.4329024338,0.083049902,2408
drop,0.6,29,0.2012443235,-0.420642892,0.1059798343,2339
drop,0.6,30,-0.1471182908,-0.6042492812,-0.0774951652,2378
drop,0.6,31,0.0735058117,-0.5062365178,0.0401635829,2385
drop,0.6,32,-0.0029977571,-0.5519810708,-0.0016497596,2395
drop,0.6,33,-0.0535972267,-0.6180048099,-0.0314383363,2375
drop,0.6,34,0.3216661746,-0.3985471175,0.1889912045,2368
drop,0.6,35,0.2753043457,-0.352572187,0.1339385088,2474
drop,0.6,36,0.1874718373,-0.4532387018,0.1045742118,2406
drop,0.6,37,0.1497184998,-0.4436528185,0.0781188752,2369
drop,0.6,38,0.3523109181,-0.3262580675,0.1774682985,2392
drop,0.6,39,-0.0421573693,-0.6276870794,-0.0253912094,2376
drop,0.45,0,0.0197104409,-0.5231873493,0.0105195992,1778
drop,0.45,1,0.1989905919,-0.5014197169,0.1245650865,1790
drop,0.45,2,0.2469644299,-0.4633362863,0.151955082,1796
drop,0.45,3,0.224186581,-0.4141321256,0.1196716415,1793
drop,0.45,4,-0.0875631344,-0.7112997199,-0.0572689814,1804
drop,0.45,5,-0.0340651763,-0.627898664,-0.0206848458,1773
drop,0.45,6,-0.1350660805,-0.6191820985,-0.0736789695,1743
drop,0.45,7,-0.3709622357,-0.8414581357,-0.2276862069,1806
drop,0.45,8,-0.2642892305,-0.6652277725,-0.1390603763,1798
drop,0.45,9,-0.1124364467,-0.6652237136,-0.0672356527,1819
drop,0.45,10,0.2471426249,-0.4816579283,0.1581152137,1767
drop,0.45,11,-0.4230087793,-0.8544433375,-0.2539949426,1864
drop,0.45,12,-0.0784675467,-0.6103556721,-0.0444084871,1850
drop,0.45,13,-0.329604749,-0.7884178044,-0.1954462427,1776
drop,0.45,14,-0.1651751309,-0.6510427279,-0.0922917636,1747
drop,0.45,15,0.2523717172,-0.4568900016,0.1542292031,1784
drop,0.45,16,-0.5648899511,-0.9197312266,-0.3320022135,1818
drop,0.45,17,0.2530896075,-0.4563530865,0.1546346452,1844
drop,0.45,18,0.3810475338,-0.3739629281,0.2302239013,1777
drop,0.45,19,-0.1087264851,-0.6108605597,-0.0599036123,1804
drop,0.45,20,0.2867361001,-0.4121410625,0.1656830256,1799
drop,0.45,21,0.0238456865,-0.6444388886,0.0157424779,1777
drop,0.45,22,0.2776623239,-0.4541517844,0.1745732558,1758
drop,0.45,23,0.5282933717,-0.288134468,0.3226995773,1746
drop,0.45,24,0.1663065096,-0.5060543622,0.1009485328,1756
drop,0.45,25,-0.0560186682,-0.6020586736,-0.0319374326,1735
drop,0.45,26,-0.4793960986,-0.8600038152,-0.2786829533,1831
drop,0.45,27,-0.3492486138,-0.7992076886,-0.2068723099,1815
drop,0.45,28,0.1247726683,-0.5070299145,0.0722823352,1823
drop,0.45,29,0.3149802899,-0.4242683672,0.1950836908,1777
drop,0.45,30,-0.2705676897,-0.758233861,-0.1614660798,1779
drop,0.45,31,0.2502498648,-0.4959034556,0.1655215076,1767
drop,0.45,32,0.280372767,-0.423196421,0.1648808523,1789
drop,0.45,33,-0.2946077933,-0.8489581498,-0.1931934045,1779
drop,0.45,34,0.2790239615,-0.4800593596,0.1857871235,1751
drop,0.45,35,0.0725163284,-0.4771986141,0.0373102972,1890
drop,0.45,36,0.3865142134,-0.3753327906,0.2364707732,1792
drop,0.45,37,0.2095733866,-0.4779069894,0.1267120623,1779
drop,0.45,38,0.3437446091,-0.3949060415,0.2068506023,1786
drop,0.45,39,-0.1056808032,-0.7245350244,-0.0692509476,1782
drop,0.3,0,-0.2731636533,-0.771379659,-0.1655033783,1189
drop,0.3,1,0.4787856823,-0.3770125046,0.346322392,1241
drop,0.3,2,0.5608709316,-0.3070503905,0.3921754467,1197
drop,0.3,3,0.3549157481,-0.4225194912,0.2324639315,1204
drop,0.3,4,-0.0869183206,-0.7842306629,-0.0627130952,1191
drop,0.3,5,-0.0322478444,-0.7612582353,-0.0237820183,1187
drop,0.3,6,-0.553979487,-1.0446350492,-0.3724028493,1165
drop,0.3,7,-0.4224727558,-1.0112892275,-0.3003517256,1207
drop,0.3,8,-0.1915697484,-0.7230317305,-0.1162424666,1218
drop,0.3,9,-0.0844860308,-0.7268626138,-0.0566256599,1244
drop,0.3,10,0.5720656253,-0.2801737657,0.3745382234,1228
drop,0.3,11,0.1301516392,-0.608820521,0.0910951752,1252
drop,0.3,12,0.0294595692,-0.6922123581,0.0210112605,1215
drop,0.3,13,-0.2364974348,-0.8453998231,-0.1616945445,1171
drop,0.3,14,-0.043989816,-0.7353890247,-0.0309865359,1160
drop,0.3,15,0.4533917891,-0.408004534,0.33842504,1196
drop,0.3,16,-0.9986482096,-1.3450472702,-0.6720687722,1213
drop,0.3,17,0.5692893378,-0.3248985503,0.4294327882,1211
drop,0.3,18,0.269616304,-0.5060355013,0.1867996538,1187
drop,0.3,19,-0.2726242208,-0.7903828307,-0.1693174622,1201
drop,0.3,20,-0.0224127341,-0.7199182151,-0.0157816262,1198
drop,0.3,21,-0.005981461,-0.7265202492,-0.0043198137,1197
drop,0.3,22,0.1777259235,-0.60207134,0.1301314099,1162
drop,0.3,23,0.6821290915,-0.2211573073,0.4745883598,1178
drop,0.3,24,0.1462162176,-0.5879335144,0.1006875704,1174
drop,0.3,25,-0.2674525806,-0.8562492797,-0.1806821675,1141
drop,0.3,26,-0.5624882032,-1.0516669081,-0.3785950053,1234
drop,0.3,27,-0.3404815637,-0.9150887266,-0.2324320222,1248
drop,0.3,28,-0.2443049234,-0.7646390542,-0.1501280611,1220
drop,0.3,29,0.4508635422,-0.3928795888,0.3225702474,1162
drop,0.3,30,-0.2862315715,-0.8839668855,-0.1967135906,1197
drop,0.3,31,0.0048047911,-0.7411084713,0.0035780632,1185
drop,0.3,32,0.2462509237,-0.5052407113,0.165062878,1178
drop,0.3,33,-0.4038003801,-1.0736187118,-0.3088242816,1216
drop,0.3,34,0.1301177312,-0.6295704992,0.0941716919,1187
drop,0.3,35,0.0698616767,-0.5907468248,0.0443703508,1304
drop,0.3,36,0.2072343812,-0.5920791294,0.1547735537,1182
drop,0.3,37,0.0775214933,-0.6214419489,0.0522235559,1203
drop,0.3,38,0.5370967538,-0.2896539714,0.3360793191,1175
drop,0.3,39,0.0289618322,-0.7506038334,0.0223872377,1214
drop,0.2,0,-0.6229835651,-1.1047398006,-0.4240552735,784
drop,0.2,1,0.4672420082,-0.439666548,0.3855984968,846
drop,0.2,2,0.4795091969,-0.36689155,0.3380038061,803
drop,0.2,3,0.7828345585,-0.1706835949,0.6152775307,810
drop,0.2,4,-0.6952261112,-1.3404430897,-0.5497266886,787
drop,0.2,5,-0.3776629338,-1.1193931169,-0.3068626427,787
drop,0.2,6,-0.2304353784,-0.9986814581,-0.1870326095,819
drop,0.2,7,-0.3808484056,-1.0693669338,-0.2949394662,811
drop,0.2,8,-0.2410000811,-0.8017234596,-0.1556933168,824
drop,0.2,9,-0.3153773788,-1.0829384341,-0.2596473759,834
drop,0.2,10,0.60897257,-0.3266474314,0.5087093909,792
drop,0.2,11,-0.1185327053,-0.928736731,-0.0984197214,827
drop,0.2,12,0.0918103345,-0.6634403484,0.0670682376,801
drop,0.2,13,-0.5470937188,-1.2209363001,-0.4317557319,780
drop,0.2,14,-0.1320340569,-0.7595752554,-0.0885925665,760
drop,0.2,15,0.8971427157,-0.07992568,0.6971284733,806
drop,0.2,16,-0.7193555368,-1.2845377065,-0.5374335276,825
drop,0.2,17,1.0565350674,0.0399129779,0.745899186,824
drop,0.2,18,0.0581751205,-0.8214472143,0.0507395714,766
drop,0.2,19,-0.6815815477,-1.233246164,-0.4998614728,802
drop,0.2,20,-0.5368382777,-1.2574326808,-0.4392381453,777
drop,0.2,21,-0.168513085,-0.9371520792,-0.1351481554,801
drop,0.2,22,0.1293466421,-0.666503441,0.0990175726,787
drop,0.2,23,0.5381422878,-0.3343776704,0.3896064952,745
drop,0.2,24,0.3076332782,-0.4826186836,0.2144377583,794
drop,0.2,25,0.016930116,-0.8079604389,0.013914437,780
drop,0.2,26,-0.2882982693,-0.9840682444,-0.2202169936,831
drop,0.2,27,-0.4689928178,-1.0957634987,-0.3498350738,841
drop,0.2,28,-0.2643588288,-0.9813536122,-0.2051866018,823
drop,0.2,29,0.169635081,-0.7319136174,0.1495224845,742
drop,0.2,30,-0.0830890938,-0.9550674358,-0.0732679224,779
drop,0.2,31,-0.606699538,-1.2550062215,-0.4738979982,795
drop,0.2,32,-0.2311540883,-1.02237511,-0.1919550028,778
drop,0.2,33,-0.4988934106,-1.2174598747,-0.4052207481,802
drop,0.2,34,0.5519711247,-0.337944287,0.4163470224,809
drop,0.2,35,-0.12150308,-0.7749208922,-0.08395454,899
drop,0.2,36,-0.185553364,-1.0068549879,-0.1575849183,775
drop,0.2,37,-0.179487491,-0.7986275801,-0.1215304627,800
drop,0.2,38,0.8550546954,-0.0973150521,0.5740764936,765
drop,0.2,39,-0.0557742251,-0.8263871507,-0.0436562116,791
drop,0.1,0,-0.2592724377,-1.0481298033,-0.2158001406,373
drop,0.1,1,0.4375609908,-0.5024143899,0.3908636041,407
drop,0.1,2,0.8419369949,-0.1520339852,0.8098228712,377
drop,0.1,3,1.1029314216,0.0809283422,0.8671638853,388
drop,0.1,4,-1.7358908729,-2.3405233385,-1.4850347802,379
drop,0.1,5,-1.1230928818,-1.9822752111,-1.0486018763,391
drop,0.1,6,0.2113449456,-0.8490235534,0.2275225851,387
drop,0.1,7,-0.7730271132,-1.7342630745,-0.7561262702,408
drop,0.1,8,0.2881814635,-0.6863416634,0.2778670896,386
drop,0.1,9,0.078363467,-0.8716974227,0.0741173226,412
drop,0.1,10,0.4089233861,-0.5362647361,0.3710029911,386
drop,0.1,11,-0.5806050133,-1.4609481093,-0.5366513388,426
drop,0.1,12,-0.5995291169,-1.4694313199,-0.5507663801,385
drop,0.1,13,0.3881724528,-0.5946603718,0.3772807815,385
drop,0.1,14,-0.4424527133,-1.2770414991,-0.3917150774,372
drop,0.1,15,-0.3900484856,-1.2210032769,-0.342614293,413
drop,0.1,16,-0.8320751644,-1.7189122647,-0.7806798722,391
drop,0.1,17,0.0657959062,-0.7528633593,0.0530240954,401
drop,0.1,18,1.7151660039,0.6433904166,1.5430282812,359
drop,0.1,19,-1.4278266189,-2.0271525322,-1.1921865934,398
drop,0.1,20,-0.4738840062,-1.3485344197,-0.4335815374,390
drop,0.1,21,-0.4540313495,-1.2916352376,-0.4033220399,387
drop,0.1,22,0.0398096911,-0.8955516216,0.0371297576,405
drop,0.1,23,1.1335424135,0.1232012488,1.0457639431,375
drop,0.1,24,0.0658084324,-0.7529036297,0.053037738,378
drop,0.1,25,0.2112534801,-0.5733691234,0.1535679964,383
drop,0.1,26,-1.2468539092,-1.9215726685,-1.0663445379,420
drop,0.1,27,0.2010686769,-0.6028891959,0.1517303546,410
drop,0.1,28,0.1182179974,-0.8045739255,0.1078669307,404
drop,0.1,29,0.2932455056,-0.6466201115,0.2682946384,355
drop,0.1,30,-1.4652056474,-2.4475883676,-1.4547347409,370
drop,0.1,31,-0.1447938263,-1.058149146,-0.1338349842,393
drop,0.1,32,-0.3890919565,-1.3924949333,-0.3900451482,413
drop,0.1,33,1.3383874104,0.3060715025,1.2105717678,409
drop,0.1,34,0.6571003023,-0.2954769401,0.566223849,418
drop,0.1,35,-0.4861435441,-1.3222437045,-0.4325290402,456
drop,0.1,36,0.5156099962,-0.4292074046,0.4568707582,368
drop,0.1,37,0.4653467127,-0.3637748511,0.3166190784,395
drop,0.1,38,0.5274756958,-0.4000902061,0.4466180004,381
drop,0.1,39,-0.3498585737,-1.0373515925,-0.2688624984,375
drop,0.05,0,1.5619257674,0.5775651172,1.6053968178,200
drop,0.05,1,-0.9442292201,-1.6176580816,-0.7856275448,213
drop,0.05,2,-0.2718387639,-1.0682131569,-0.2283164756,189
drop,0.05,3,-1.5390634015,-1.6911217447,-1.0250801863,183
drop,0.05,4,-2.2775066296,-2.7672528015,-1.9229363396,179
drop,0.05,5,0.2107680875,-0.8143590489,0.2174784072,174
drop,0.05,6,1.587553471,0.5143557396,1.389775195,199
drop,0.05,7,3.0201362348,1.4770046097,2.2081457002,207
drop,0.05,8,-0.6178945494,-1.71345384,-0.6543898604,186
drop,0.05,9,-1.88727225,-2.380371707,-1.5559355261,214
drop,0.05,10,1.4707076678,0.5334795696,1.6668360158,187
drop,0.05,11,0.180651815,-0.7892784508,0.1740219693,222
drop,0.05,12,-1.9117972787,-2.5131524247,-1.6500592269,191
drop,0.05,13,0.9633179441,-0.0384265825,1.0091314556,186
drop,0.05,14,5.354757828,3.7440840219,4.6038526175,188
drop,0.05,15,-0.2597328626,-1.4340366441,-0.2956709742,202
drop,0.05,16,-0.3910902175,-1.5766424701,-0.4432562596,187
drop,0.05,17,2.257096125,1.3204339062,2.3708181051,195
drop,0.05,18,2.3297635709,1.267391206,2.2204863529,190
drop,0.05,19,-0.9628067207,-1.5933665844,-0.7815869183,191
drop,0.05,20,-1.47338226,-2.8704686365,-1.7099247599,197
drop,0.05,21,-0.7773642188,-1.6860240858,-0.7374148655,179
drop,0.05,22,-1.8284216097,-3.1305109814,-2.0237060515,209
drop,0.05,23,0.2632654378,-0.7267954006,0.2597137682,187
drop,0.05,24,1.5974148808,0.7297389272,1.9512333203,186
drop,0.05,25,-0.9763092698,-1.324594909,-0.6543582567,195
drop,0.05,26,-2.7123216446,-3.5519788332,-2.5951708911,199
drop,0.05,27,1.8158096375,0.598355443,1.3318052767,207
drop,0.05,28,0.4521637932,-0.4382089498,0.3616814998,213
drop,0.05,29,-0.9606789949,-1.9744146505,-0.9674090899,183
drop,0.05,30,-3.1397147769,-3.7403022929,-2.8367853855,199
drop,0.05,31,0.5488280052,-0.4291976078,0.5220972703,193
drop,0.05,32,-0.0427725066,-1.2005576363,-0.0492445467,214
drop,0.05,33,-1.1042933189,-2.7987189655,-1.4687147591,189
drop,0.05,34,0.6800818141,-0.3787750617,0.8051997118,198
drop,0.05,35,-1.4399271159,-1.9890506231,-1.1738415908,233
drop,0.05,36,2.1991549006,1.2940258138,2.3731406248,174
drop,0.05,37,0.2556595676,-0.4799412395,0.1648460361,195
drop,0.05,38,1.3215141254,0.267449836,1.0992945819,194
drop,0.05,39,1.6397615911,0.7631957635,1.95613353,177
